-- phpMyAdmin SQL Dump
-- version 4.6.4
-- https://www.phpmyadmin.net/
--
-- Host: fdb22.awardspace.net
-- Generation Time: Mar 12, 2021 at 04:44 AM
-- Server version: 5.7.20-log
-- PHP Version: 5.5.38

SET SQL_MODE = "NO_AUTO_VALUE_ON_ZERO";
SET time_zone = "+00:00";


/*!40101 SET @OLD_CHARACTER_SET_CLIENT=@@CHARACTER_SET_CLIENT */;
/*!40101 SET @OLD_CHARACTER_SET_RESULTS=@@CHARACTER_SET_RESULTS */;
/*!40101 SET @OLD_COLLATION_CONNECTION=@@COLLATION_CONNECTION */;
/*!40101 SET NAMES utf8mb4 */;

--
-- Database: `3165842_purec`
--

-- --------------------------------------------------------

--
-- Table structure for table `category`
--

CREATE TABLE `category` (
  `id` int(11) NOT NULL,
  `category_name` varchar(50) NOT NULL,
  `added_by` int(11) NOT NULL,
  `date_added` datetime NOT NULL DEFAULT CURRENT_TIMESTAMP
) ENGINE=MyISAM DEFAULT CHARSET=latin1;

--
-- Dumping data for table `category`
--

INSERT INTO `category` (`id`, `category_name`, `added_by`, `date_added`) VALUES
(5, 'Insurance', 2, '2021-02-26 00:13:04'),
(6, 'Transportation', 5, '2021-02-26 00:47:51'),
(8, 'Gasoline/Diesel', 5, '2021-02-26 01:02:11'),
(9, 'Raw Materials', 5, '2021-02-26 01:02:26'),
(10, 'Production Supplies', 5, '2021-02-26 01:02:55'),
(11, 'Production Repair & Maintenance', 5, '2021-02-26 01:03:14'),
(12, 'Labor / Service Fee', 5, '2021-02-26 01:03:31'),
(13, 'Meal', 5, '2021-02-26 01:03:43'),
(14, 'Advances to Officer', 5, '2021-02-26 01:04:49'),
(15, 'Cash Advance', 5, '2021-02-26 01:04:59'),
(17, 'Professional Fee', 5, '2021-02-26 01:05:31'),
(18, 'Utility', 5, '2021-02-26 01:05:43'),
(19, 'Load Allowance', 5, '2021-02-26 01:05:53'),
(20, 'Car Maintenance', 5, '2021-02-26 01:06:04'),
(21, 'Office Supply', 5, '2021-02-26 01:06:17'),
(22, 'Office Equipment', 5, '2021-02-26 01:06:29'),
(23, 'Representation', 5, '2021-02-26 01:06:38'),
(24, 'Parking Fee', 5, '2021-02-26 01:06:45'),
(25, 'Toll Fee / Entrance Fee', 5, '2021-02-26 01:06:59'),
(26, 'Taxes and License', 5, '2021-02-26 01:07:13'),
(27, 'SSS, PHIC, HDMF', 5, '2021-02-26 01:07:31'),
(28, 'Notarial Fee', 5, '2021-02-26 01:07:49'),
(29, 'Miscellaneous', 5, '2021-02-26 01:08:01'),
(30, 'Construction Progress', 5, '2021-02-26 01:08:28'),
(31, 'Amortization', 5, '2021-02-26 01:09:50'),
(32, 'Employee Benefits', 5, '2021-02-26 01:53:03'),
(33, 'Employee Salary', 5, '2021-02-26 01:53:50'),
(34, 'Incentive', 5, '2021-02-26 01:54:07'),
(35, 'Loan Payable', 5, '2021-02-26 01:54:55'),
(36, 'Production Equipment', 5, '2021-02-26 01:55:08'),
(37, 'Interest', 5, '2021-02-26 01:55:20');

-- --------------------------------------------------------

--
-- Table structure for table `check_expenses`
--

CREATE TABLE `check_expenses` (
  `id` int(11) NOT NULL,
  `check_voucher_date` datetime NOT NULL,
  `check_voucher_no` varchar(20) NOT NULL,
  `check_voucher_amount` decimal(11,2) DEFAULT NULL,
  `check_no` int(20) NOT NULL,
  `check_date` datetime NOT NULL,
  `check_amount` decimal(11,2) DEFAULT NULL,
  `added_by` int(11) NOT NULL,
  `date_added` datetime NOT NULL DEFAULT CURRENT_TIMESTAMP,
  `check_bank` varchar(20) NOT NULL,
  `payee` varchar(50) NOT NULL,
  `category` int(11) NOT NULL,
  `input_tax` decimal(11,2) DEFAULT NULL,
  `net_vat` decimal(11,2) DEFAULT NULL
) ENGINE=MyISAM DEFAULT CHARSET=latin1;

--
-- Dumping data for table `check_expenses`
--

INSERT INTO `check_expenses` (`id`, `check_voucher_date`, `check_voucher_no`, `check_voucher_amount`, `check_no`, `check_date`, `check_amount`, `added_by`, `date_added`, `check_bank`, `payee`, `category`, `input_tax`, `net_vat`) VALUES
(9, '2021-02-12 00:00:00', 'CV0414', 100000.00, 388833, '2021-02-20 00:00:00', 100000.00, 2, '2021-02-27 07:01:18', 'China Bank', '', 0, 0.00, 0.00);

-- --------------------------------------------------------

--
-- Table structure for table `collection`
--

CREATE TABLE `collection` (
  `id` int(11) NOT NULL,
  `dr_no` int(11) NOT NULL,
  `date_receipt` date DEFAULT NULL,
  `added_by` int(11) NOT NULL,
  `date_added` datetime NOT NULL DEFAULT CURRENT_TIMESTAMP,
  `reference_no` varchar(25) NOT NULL,
  `date_transfer` date NOT NULL,
  `check_no` varchar(25) NOT NULL,
  `check_date` date NOT NULL,
  `bank` varchar(25) NOT NULL,
  `modepayment` varchar(10) NOT NULL,
  `amount` decimal(11,0) NOT NULL,
  `typereceipt` varchar(25) NOT NULL,
  `acct_no` int(11) UNSIGNED ZEROFILL NOT NULL,
  `receipt_no` int(11) NOT NULL,
  `collector` varchar(50) NOT NULL,
  `remarks` text NOT NULL,
  `deduction` decimal(11,0) NOT NULL
) ENGINE=MyISAM DEFAULT CHARSET=latin1;

--
-- Dumping data for table `collection`
--

INSERT INTO `collection` (`id`, `dr_no`, `date_receipt`, `added_by`, `date_added`, `reference_no`, `date_transfer`, `check_no`, `check_date`, `bank`, `modepayment`, `amount`, `typereceipt`, `acct_no`, `receipt_no`, `collector`, `remarks`, `deduction`) VALUES
(4, 6, '2021-02-20', 2, '2021-02-27 05:44:39', '', '0000-00-00', '', '0000-00-00', '', 'cash', 360, 'PR', 00000000016, 123456, '', '', 0),
(7, 11, '2021-01-13', 4, '2021-03-01 05:23:24', '', '2021-01-13', '', '0000-00-00', '', 'online', 9362, 'PR', 00000000004, 5973, '', '', 0),
(8, 12, '2021-01-15', 4, '2021-03-01 05:29:13', '', '0000-00-00', '', '0000-00-00', '', 'cash', 3272, 'PR', 00000000004, 5979, '', '', 0),
(9, 13, '2021-01-16', 4, '2021-03-01 05:32:17', '', '0000-00-00', '', '0000-00-00', '', 'cash', 6950, 'PR', 00000000004, 5981, '', '', 0),
(10, 14, '2021-01-18', 4, '2021-03-01 05:34:46', '', '0000-00-00', '', '0000-00-00', '', 'cash', 1920, 'PR', 00000000004, 5930, '', '', 0),
(11, 15, '2021-01-22', 4, '2021-03-01 05:49:43', '', '0000-00-00', '', '0000-00-00', '', 'cash', 1750, 'PR', 00000000004, 5937, '', '', 0),
(12, 16, '2021-01-26', 4, '2021-03-01 05:52:21', '', '0000-00-00', '', '0000-00-00', '', 'cash', 1750, 'PR', 00000000004, 5949, '', '', 0),
(13, 17, '2021-01-13', 4, '2021-03-01 05:56:38', '', '2021-01-13', '', '0000-00-00', '', 'online', 14040, 'PR', 00000000025, 5976, '', '', 0),
(14, 21, '2021-01-14', 4, '2021-03-01 06:07:58', '', '0000-00-00', '', '0000-00-00', '', 'cash', 12600, 'PR', 00000000053, 5999, '', '', 0),
(15, 22, '2021-01-29', 4, '2021-03-01 06:10:50', '', '0000-00-00', '', '0000-00-00', '', 'cash', 25200, 'PR', 00000000053, 6876, '', '', 0),
(16, 23, '2021-01-02', 4, '2021-03-01 06:13:29', '', '0000-00-00', '', '0000-00-00', '', 'cash', 36000, 'PR', 00000000053, 5921, '', '', 0),
(17, 24, '2021-01-23', 4, '2021-03-01 06:16:51', '', '0000-00-00', '', '0000-00-00', '', 'cash', 27000, 'PR', 00000000056, 5940, '', '', 0),
(18, 26, '0000-00-00', 4, '2021-03-01 06:22:53', '', '0000-00-00', '', '0000-00-00', '', 'cash', 16200, 'PR', 00000000046, 5991, '', '', 0),
(19, 27, '2021-01-05', 4, '2021-03-01 06:25:39', '', '0000-00-00', '', '0000-00-00', '', 'cash', 6120, 'PR', 00000000009, 5952, '', '', 0),
(20, 28, '2021-01-29', 4, '2021-03-01 06:27:51', '', '0000-00-00', '', '0000-00-00', '', 'cash', 6120, 'PR', 00000000009, 6861, '', '', 0),
(21, 29, '2021-01-05', 4, '2021-03-01 06:34:49', '', '0000-00-00', '', '0000-00-00', '', 'cash', 3600, 'PR', 00000000005, 5916, '', '', 0),
(22, 30, '2021-01-08', 4, '2021-03-01 06:37:08', '', '2021-01-08', '', '0000-00-00', '', 'online', 3600, 'PR', 00000000005, 5954, '', '', 0),
(23, 31, '2021-01-16', 4, '2021-03-01 06:40:36', '', '2021-01-16', '', '0000-00-00', '', 'online', 5000, 'PR', 00000000005, 5986, '', '', 0),
(24, 31, '2021-01-16', 4, '2021-03-01 06:41:05', '', '0000-00-00', '', '0000-00-00', '', 'cash', 14200, 'PR', 00000000005, 5986, '', '', 0),
(25, 32, '2021-01-29', 4, '2021-03-01 06:50:08', '', '0000-00-00', '', '0000-00-00', '', 'cash', 19200, 'PR', 00000000005, 6864, '', '', 0);

-- --------------------------------------------------------

--
-- Table structure for table `customer`
--

CREATE TABLE `customer` (
  `id` int(11) UNSIGNED ZEROFILL NOT NULL,
  `customer_name` varchar(100) NOT NULL,
  `address` text NOT NULL,
  `email` varchar(50) NOT NULL,
  `contact_no` varchar(100) NOT NULL,
  `added_by` int(11) NOT NULL,
  `date_added` datetime NOT NULL DEFAULT CURRENT_TIMESTAMP,
  `account_by` varchar(50) NOT NULL,
  `remarks` text NOT NULL,
  `tin` int(20) NOT NULL,
  `contact_person` varchar(100) NOT NULL,
  `purec250pricing` decimal(11,2) DEFAULT NULL,
  `purec500pricing` decimal(11,2) DEFAULT NULL,
  `puredpricing` decimal(11,2) DEFAULT NULL
) ENGINE=MyISAM DEFAULT CHARSET=latin1;

--
-- Dumping data for table `customer`
--

INSERT INTO `customer` (`id`, `customer_name`, `address`, `email`, `contact_no`, `added_by`, `date_added`, `account_by`, `remarks`, `tin`, `contact_person`, `purec250pricing`, `purec500pricing`, `puredpricing`) VALUES
(00000000002, 'AL DURANTE', 'LA UNION', '', '09664389027', 4, '2021-02-25 09:01:21', '', '', 0, '', 456.00, 330.00, 0.00),
(00000000003, 'LYKA SANTOS/ ALEXIS', 'SAMPALOC MANILA\r\n', '', '9975564834', 3, '2021-02-26 06:29:17', '', '', 0, '', 504.00, 350.00, 0.00),
(00000000004, 'RENCY', 'CALOOCAN CITY\r\n', '', '', 3, '2021-02-26 06:29:33', '', '', 0, '', 350.00, 520.00, 0.00),
(00000000005, 'RICH CAASI', 'MALABON CITY\r\n', '', '9162357100', 3, '2021-02-26 06:29:45', '', '', 0, '', 520.00, 360.00, 0.00),
(00000000006, 'ALBERT SUMANG', 'PASIG CITY\r\n', '', '', 3, '2021-02-26 06:29:57', '', '', 0, '', 530.00, 380.00, 0.00),
(00000000007, 'TINA LADIA', 'QUEZON CITY\r\n', '', '9561732900', 3, '2021-02-26 06:30:06', '', '', 0, '', 300.00, 420.00, 0.00),
(00000000008, 'NORVEN MASINAG', 'ANTIPOLO CITY\r\n', '', '9338154599', 3, '2021-02-26 06:30:18', '', '', 0, '', 456.00, 330.00, 0.00),
(00000000009, 'ATLANTA', 'PASIG CITY\r\n', '', '', 3, '2021-02-26 06:30:31', '', '', 0, '', 540.00, 360.00, 0.00),
(00000000010, 'JUDITH', 'Quezon City', '', '', 3, '2021-02-26 06:30:40', '', '', 0, '', 0.00, 0.00, 0.00),
(00000000011, 'JOJIT DE GUZMAN', 'SAMPALOC MANILA\r\n', '', '', 3, '2021-02-26 06:30:49', '', '', 0, '', 432.00, 330.00, 0.00),
(00000000012, 'REY VAN', '', '', '', 3, '2021-02-26 06:31:15', '', '', 0, '', 0.00, 0.00, 0.00),
(00000000013, 'JE CUNDANGAN', '', '', '', 3, '2021-02-26 06:31:38', '', '', 0, '', 0.00, 0.00, 0.00),
(00000000014, 'WALK IN', '', '', '', 3, '2021-02-26 06:32:13', '', '', 0, '', 0.00, 0.00, 0.00),
(00000000015, 'CALIGAN STORE', '', '', '', 3, '2021-02-26 06:32:25', '', '', 0, '', 0.00, 0.00, 0.00),
(00000000016, 'AJ MESA', 'Caloocan City', '', '', 3, '2021-02-26 06:32:38', '', '', 0, '', 0.00, 0.00, 360.00),
(00000000017, 'REYNER GUETTA', 'QUEZON CITY\r\n', '', '', 3, '2021-02-26 06:32:53', '', '', 0, '', 550.00, 400.00, 0.00),
(00000000018, 'EMILUS-Binakayan', 'Binakayan, Kawit Cavite', '', '', 2, '2021-02-27 03:14:14', 'Thelmo Ramos', '', 0, '', 495.00, 636.00, 456.00),
(00000000019, 'AVIATION - LUFTANSA', 'PASAY CITY\r\n', '', '9278778143', 4, '2021-03-01 02:36:17', '', '', 0, '', 480.00, 360.00, 0.00),
(00000000020, 'CARLOTA', 'LUCENA CITY\r\n', '', '9232898070', 4, '2021-03-01 02:37:52', '', '', 0, '', 550.00, 400.00, 0.00),
(00000000021, 'CREYFERN', 'LIPA CITY BATANGAS\r\n', '', '9062084455', 4, '2021-03-01 02:39:25', '', '', 0, '', 550.00, 400.00, 0.00),
(00000000022, 'DANDEE', 'ANTIPOLO CITY\r\n', '', '9293331751', 4, '2021-03-01 02:48:59', '', '', 0, '', 504.00, 360.00, 0.00),
(00000000023, 'DMS', 'BACOOR CITY CAVITE\r\n', '', '9235861150', 4, '2021-03-01 02:54:10', '', '', 0, '', 456.00, 330.00, 0.00),
(00000000024, 'EMILY', 'TAGUIG CITY\r\n', '', '9338120160', 4, '2021-03-01 02:56:11', '', '', 0, '', 504.00, 360.00, 0.00),
(00000000025, 'JENNY LANG', 'MARIKINA CITY\r\n', '', '9171934450', 4, '2021-03-01 02:57:44', '', '', 0, '', 528.00, 360.00, 0.00),
(00000000026, 'JOEL DELA CRUZ', 'MANILA CITY\r\n', '', '9175391100', 4, '2021-03-01 02:58:34', '', '', 0, '', 456.00, 330.00, 0.00),
(00000000027, 'JOEY PALMA', 'STA. QUITERIA CALOOAN CITY\r\n', '', '9456835809', 4, '2021-03-01 03:00:38', '', '', 0, '', 360.00, 528.00, 0.00),
(00000000028, 'JOHN QUILATAN', 'LAS PIÑAS\r\n', '', '9173063816', 4, '2021-03-01 03:02:15', '', '', 0, '', 500.00, 350.00, 0.00),
(00000000029, 'JOSIE AREVALO', 'PASAY CITY\r\n', '', '9153414641', 4, '2021-03-01 03:03:06', '', '', 0, '', 590.00, 430.00, 0.00),
(00000000030, 'LYKA SANTOS', 'SAMPALOC MANILA\r\n', '', '9975564834', 4, '2021-03-01 03:04:28', '', '', 0, '', NULL, NULL, NULL),
(00000000031, 'ROGELIO FIESTA', 'LAOAG\r\n', '', '9955677528', 4, '2021-03-01 03:09:38', '', '', 0, '', 456.00, 330.00, 0.00),
(00000000032, 'AIKO', 'QUEZON CITY\r\n', '', '', 4, '2021-03-01 03:19:56', '', '', 0, '', 360.00, 528.00, 0.00),
(00000000033, 'ALBERT AQUINO', 'BULACAN\r\n', '', '', 4, '2021-03-01 03:21:56', '', '', 0, '', 480.00, 350.00, 0.00),
(00000000034, 'ARNOLD PINTO', 'QUEZON CITY\r\n', '', '', 4, '2021-03-01 03:24:33', '', '', 0, '', 504.00, 330.00, 0.00),
(00000000035, 'BENJIE DUERME', 'QUEZON CITY\r\n', '', '', 4, '2021-03-01 03:27:04', '', '', 0, '', 360.00, 540.00, 0.00),
(00000000036, 'BOB MAUTE', 'SAN PEDRO LAGUNA\r\n', '', '', 4, '2021-03-01 03:28:37', '', '', 0, '', 540.00, 360.00, 0.00),
(00000000037, 'BSP', 'MANILA CITY\r\n', '', '', 4, '2021-03-01 03:29:38', '', '', 0, '', 600.00, 450.00, 0.00),
(00000000038, 'JESSIE - CALIGAN ', 'CALOOCAN CITY\r\n', '', '', 4, '2021-03-01 03:30:44', '', '', 0, '', 480.00, 330.00, 0.00),
(00000000039, 'CHARMIE ', 'MANILA CITY\r\n', '', '', 4, '2021-03-01 03:31:36', '', '', 0, '', 550.00, 400.00, 0.00),
(00000000040, 'CHERRY ', 'MARILAO BULACAN\r\n', '', '', 4, '2021-03-01 03:33:03', '', '', 0, '', 540.00, 390.00, 0.00),
(00000000041, 'CHERRY BORROMEO', 'TAYTAY RIZAL\r\n', '', '', 4, '2021-03-01 03:34:21', '', '', 0, '', 456.00, 330.00, 0.00),
(00000000042, 'CHRISTINA BALAGTAS', 'BULACAN\r\n', '', '', 4, '2021-03-01 03:35:17', '', '', 0, '', 540.00, 360.00, 0.00),
(00000000043, 'DAN', 'QUEZON CITY\r\n', '', '', 4, '2021-03-01 03:36:14', '', '', 0, '', 540.00, 360.00, 0.00),
(00000000044, 'ELLA DELA CRUZ', 'MANILA CITY\r\n', '', '', 4, '2021-03-01 03:37:05', '', '', 0, '', 550.00, 400.00, 0.00),
(00000000045, 'GRACE ANN', 'CALOOCAN CITY\r\n', '', '', 4, '2021-03-01 03:38:09', '', '', 0, '', 528.00, 360.00, 0.00),
(00000000046, 'HAZEL - CHOCOLATE FACTORY ', 'BOCAUE BULACAN\r\n', '', '', 4, '2021-03-01 03:39:24', '', '', 0, '', 540.00, 400.00, 0.00),
(00000000047, 'IMES', '', '', '', 4, '2021-03-01 03:40:53', 'GRACE M.B', '', 0, '', 550.00, 400.00, 0.00),
(00000000048, 'ITABASHI', 'EPZA\r\n', '', '', 4, '2021-03-01 03:41:49', 'GRACE M.B', '', 0, '', 528.00, 360.00, 0.00),
(00000000049, 'JACK HABAY', 'QUEZON CITY\r\n', '', '', 4, '2021-03-01 03:44:21', '', '', 0, '', 528.00, 360.00, 0.00),
(00000000050, 'JE CUNDANGAN', 'BULACAN\r\n', '', '9175161233', 4, '2021-03-01 03:45:35', '', '', 0, '', 540.00, 360.00, 0.00),
(00000000051, 'JING SANCHEZ - URDUJA', 'QUEZON CITY\r\n', '', '', 4, '2021-03-01 03:47:32', '', '', 0, '', 540.00, 400.00, 0.00),
(00000000052, 'JOEL APALLA', 'BULACAN\r\n', '', '', 4, '2021-03-01 03:48:36', '', '', 0, '', 580.00, 400.00, 0.00),
(00000000053, 'JULIE PORMON', 'GEN. TRI CITY CAVITE\r\n', '', '', 4, '2021-03-01 03:50:28', '', '', 0, '', 504.00, 360.00, 0.00),
(00000000054, 'JUNIOR', 'TONDO MANILA\r\n', '', '', 4, '2021-03-01 03:51:45', '', '', 0, '', 528.00, 360.00, 0.00),
(00000000055, 'KRISTEENA GRACE', 'PAMPANGA\r\n', '', '', 4, '2021-03-01 03:52:39', '', '', 0, '', 550.00, 400.00, 0.00),
(00000000056, 'LALAINE', 'PARAÑAQUE CITY\r\n', '', '', 4, '2021-03-01 03:53:35', '', '', 0, '', 480.00, 360.00, 0.00),
(00000000057, 'LUZ DE LEON', 'MONTALBAN RIZAL\r\n', '', '', 4, '2021-03-01 03:54:34', '', '', 0, '', 540.00, 360.00, 0.00),
(00000000058, 'MARK FLORES', 'QUEZON CITY\r\n', '', '', 4, '2021-03-01 03:55:57', '', '', 0, '', 540.00, 360.00, 0.00),
(00000000059, 'OWEN', 'ANTIPOLO CITY\r\n', '', '', 4, '2021-03-01 03:57:04', '', '', 0, '', 360.00, 504.00, 0.00),
(00000000060, 'PB TECH', 'EPZA\r\n', '', '', 4, '2021-03-01 03:58:22', '', '', 0, '', 400.00, 550.00, 0.00),
(00000000061, 'REYNALDO - REY BAN', 'TANAY RIZAL\r\n', '', '', 4, '2021-03-01 04:00:24', '', '', 0, '', 456.00, 330.00, 0.00),
(00000000062, 'RUFINA SANTOS - TE INE', 'CABANATUAN\r\n', '', '', 4, '2021-03-01 04:02:07', '', '', 0, '', 504.00, 330.00, 0.00),
(00000000063, 'SCHENEIDER', 'EPZA\r\n', '', '', 4, '2021-03-01 04:02:49', '', '', 0, '', 550.00, 400.00, 0.00),
(00000000064, 'SHOPPERS', 'LAGUNA\r\n', '', '', 4, '2021-03-01 04:03:53', '', '', 0, '', 0.00, 356.40, 0.00),
(00000000065, 'THIRDYS CHOCOLATE FACTHORY', 'BULACAN\r\n', '', '', 4, '2021-03-01 04:05:22', '', '', 0, '', 540.00, 360.00, 0.00),
(00000000066, 'VICKY REYMUNDO - ZARAGOSA', 'NUEVA ECIJA\r\n', '', '', 4, '2021-03-01 04:07:28', '', '', 0, '', 504.00, 360.00, 0.00),
(00000000067, 'WELLNESS', 'CABANATUAN\r\n', '', '', 4, '2021-03-01 04:08:12', '', '', 0, '', 480.00, 360.00, 0.00),
(00000000068, 'WATERLAB - JENNIFER LIM CASTRO', 'BAESA QUEZON', '', '', 4, '2021-03-01 05:57:52', '', '', 0, '', 384.00, 300.00, 0.00),
(00000000069, 'PICADILLY', 'MANILA', '', '', 4, '2021-03-06 07:57:06', 'TINA LADIA', '', 0, '', 360.00, 468.00, 0.00),
(00000000070, 'MONA', 'CAVITE', '', '', 4, '2021-03-06 08:00:15', 'ASC', '', 0, '', 400.00, 550.00, 0.00),
(00000000071, 'SOUTH SM LIPA', 'BATANGAS', '', '', 4, '2021-03-06 08:05:36', 'THELMO RAMOS', '', 0, '', 495.00, 636.00, 0.00),
(00000000072, 'SOUTH SM MARIKINA', 'MARIKINA', '', '', 4, '2021-03-06 08:06:55', 'Thelmo Ramos', '', 0, '', 495.00, 636.00, 0.00),
(00000000073, 'AMEMAR', 'CAVITE', '', '', 4, '2021-03-06 08:08:09', 'Thelmo Ramos', '', 0, '', 435.00, 588.00, 0.00),
(00000000074, 'CRYSTAL MART', 'CAVITE', '', '', 4, '2021-03-06 08:11:59', 'Thelmo Ramos', '', 0, '', NULL, NULL, NULL),
(00000000075, 'ONE STOP MART', 'SOUTH', '', '', 4, '2021-03-06 08:13:06', 'Thelmo Ramos', '', 0, '', NULL, NULL, NULL),
(00000000076, 'JENNIFER CARLADO', 'CAVITE', '', '', 4, '2021-03-06 08:17:46', 'GRACE M.B', '', 0, '', 360.00, 540.00, 0.00),
(00000000077, 'MARLENE', 'CAVITE', '', '', 4, '2021-03-06 08:21:48', 'GRACE M.B', '', 0, '', 400.00, 600.00, 0.00),
(00000000078, 'IMES', 'EPZA', '', '', 4, '2021-03-06 08:24:34', 'GRACE M.B', '', 0, '', 360.00, 528.00, 0.00);

-- --------------------------------------------------------

--
-- Table structure for table `dr`
--

CREATE TABLE `dr` (
  `id` int(11) NOT NULL,
  `dr_date` date NOT NULL,
  `dr_no` int(11) NOT NULL,
  `delivery_man` varchar(50) NOT NULL,
  `delivery_address` text NOT NULL,
  `purec250ml` int(11) NOT NULL,
  `price250ml` decimal(11,2) DEFAULT NULL,
  `purec500ml` int(11) NOT NULL,
  `price500ml` decimal(11,2) DEFAULT NULL,
  `pured` int(11) NOT NULL,
  `puredprice` decimal(11,2) DEFAULT NULL,
  `released_by` varchar(25) NOT NULL,
  `dispatcher` varchar(25) NOT NULL,
  `acct_no` int(11) NOT NULL,
  `total_amt` decimal(11,2) DEFAULT NULL,
  `balance` decimal(11,2) DEFAULT NULL,
  `added_by` int(11) NOT NULL,
  `date_added` datetime NOT NULL DEFAULT CURRENT_TIMESTAMP,
  `edit_by` int(11) NOT NULL,
  `date_edit` datetime NOT NULL,
  `delivered` int(11) NOT NULL,
  `invoice_date` date NOT NULL,
  `invoice_no` int(11) NOT NULL,
  `invoice_date_added` date NOT NULL,
  `invoice_added_by` int(11) NOT NULL,
  `remarks` text NOT NULL,
  `deduction` decimal(11,2) DEFAULT NULL
) ENGINE=MyISAM DEFAULT CHARSET=latin1;

--
-- Dumping data for table `dr`
--

INSERT INTO `dr` (`id`, `dr_date`, `dr_no`, `delivery_man`, `delivery_address`, `purec250ml`, `price250ml`, `purec500ml`, `price500ml`, `pured`, `puredprice`, `released_by`, `dispatcher`, `acct_no`, `total_amt`, `balance`, `added_by`, `date_added`, `edit_by`, `date_edit`, `delivered`, `invoice_date`, `invoice_no`, `invoice_date_added`, `invoice_added_by`, `remarks`, `deduction`) VALUES
(7, '2021-01-05', 18730, 'LARENE/ FRANCIS', 'QUEZON CITY', 20, 300.00, 100, 408.00, 0, 0.00, 'FRANCIS', 'FRANCIS', 7, 46800.00, 46800.00, 3, '2021-02-26 06:45:02', 0, '0000-00-00 00:00:00', 0, '0000-00-00', 0, '0000-00-00', 0, '', 0.00),
(8, '2021-02-09', 1992, 'LAREN', 'Binakayan Kawit Cavite', 2, 495.00, 2, 636.00, 0, 0.00, 'Grace', 'Laren', 18, 2262.00, 2262.00, 2, '2021-02-27 03:21:10', 0, '0000-00-00 00:00:00', 0, '2021-02-09', 523, '2021-02-27', 2, '', 0.00),
(9, '2021-02-27', 19105, 'Pick Up', 'Pick Up', 8, 400.00, 3, 550.00, 0, 0.00, 'AJ', 'AJ', 17, 4850.00, 4850.00, 2, '2021-02-27 04:04:15', 0, '0000-00-00 00:00:00', 1, '0000-00-00', 0, '0000-00-00', 0, '', 0.00),
(11, '2021-01-13', 18746, 'Jay', 'Rubyville Sta. Quiteria Caloocan City', 7, 350.00, 12, 520.00, 2, 336.00, 'Shiere', 'Francis', 4, 9362.00, 0.00, 4, '2021-03-01 05:21:17', 0, '0000-00-00 00:00:00', 1, '0000-00-00', 0, '0000-00-00', 0, '', 0.00),
(12, '2021-01-15', 18958, 'Remil', 'Rubyville Sta. Quiteria Caloocan City', 0, 0.00, 5, 520.00, 2, 336.00, 'Shiere', 'Francis', 4, 3272.00, 0.00, 4, '2021-03-01 05:27:29', 0, '0000-00-00 00:00:00', 1, '0000-00-00', 0, '0000-00-00', 0, '', 0.00),
(13, '2021-01-16', 18959, 'Remil', '\r\nRubyville Sta. Quiteria Caloocan City', 5, 350.00, 10, 520.00, 0, 0.00, 'Shiere', 'Francis', 4, 6950.00, 0.00, 4, '2021-03-01 05:30:49', 0, '0000-00-00 00:00:00', 1, '0000-00-00', 0, '0000-00-00', 0, '', 0.00),
(14, '2021-01-18', 18967, 'Jay', 'Rubyville Sta. Quiteria Caloocan City', 4, 350.00, 1, 520.00, 0, 0.00, 'Shiere', 'Francis', 4, 1920.00, 0.00, 4, '2021-03-01 05:33:48', 0, '0000-00-00 00:00:00', 1, '0000-00-00', 0, '0000-00-00', 0, '', 0.00),
(15, '2021-01-22', 18984, 'Remil', 'Rubyville Sta. Quiteria Caloocan City', 5, 350.00, 0, 0.00, 0, 0.00, 'Shiere', 'Francis', 4, 1750.00, 0.00, 4, '2021-03-01 05:48:54', 0, '0000-00-00 00:00:00', 1, '0000-00-00', 0, '0000-00-00', 0, '', 0.00),
(16, '2021-01-26', 18998, 'Remil', 'Rubyville Sta. Quiteria Caloocan City', 5, 350.00, 0, 0.00, 0, 0.00, 'Shiere', 'Francis', 4, 1750.00, 0.00, 4, '2021-03-01 05:51:18', 0, '0000-00-00 00:00:00', 1, '0000-00-00', 0, '0000-00-00', 0, '', 0.00),
(17, '2021-01-13', 18952, 'Jay', 'Marikina City', 15, 360.00, 15, 528.00, 2, 360.00, 'Shiere', 'Francis', 25, 14040.00, 0.00, 4, '2021-03-01 05:55:03', 0, '0000-00-00 00:00:00', 1, '0000-00-00', 0, '0000-00-00', 0, '', 0.00),
(18, '2021-01-12', 18750, 'Pick up', 'Baesa Quezon City', 1, 400.00, 4, 600.00, 0, 0.00, 'Shiere', 'Francis', 68, 2800.00, 2800.00, 4, '2021-03-01 05:59:58', 0, '0000-00-00 00:00:00', 1, '0000-00-00', 0, '0000-00-00', 0, '', 0.00),
(19, '2021-01-23', 18989, 'Pick up', 'Baesa Quezon city', 3, 360.00, 0, 0.00, 0, 0.00, 'Shiere', 'Francis', 68, 1080.00, 1080.00, 4, '2021-03-01 06:03:05', 0, '0000-00-00 00:00:00', 1, '0000-00-00', 0, '0000-00-00', 0, '', 0.00),
(20, '2021-01-27', 19005, 'Pick up', 'Baesa Quezon City', 300, 300.00, 0, 0.00, 0, 0.00, 'Shiere', 'Francis', 68, 90000.00, 90000.00, 4, '2021-03-01 06:04:31', 0, '0000-00-00 00:00:00', 1, '0000-00-00', 0, '0000-00-00', 0, '', 0.00),
(21, '2021-01-14', 18955, 'Jay', 'GEN. TRI CITY CAVITE\r\n', 35, 360.00, 0, 0.00, 0, 0.00, 'Shiere', 'Francis', 53, 12600.00, 0.00, 4, '2021-03-01 06:06:47', 0, '0000-00-00 00:00:00', 1, '0000-00-00', 0, '0000-00-00', 0, '', 0.00),
(22, '2021-01-29', 19013, 'Larene', 'GEN. TRI CITY CAVITE\r\n', 70, 360.00, 0, 0.00, 0, 0.00, 'Shiere', 'Francis', 53, 25200.00, 0.00, 4, '2021-03-01 06:09:06', 0, '0000-00-00 00:00:00', 1, '0000-00-00', 0, '0000-00-00', 0, '', 0.00),
(23, '2021-01-02', 18723, 'Jay', 'GEN. TRIAS CITY CAVITE\n', 100, 360.00, 0, 0.00, 0, 0.00, 'Shiere', 'Francis', 53, 36000.00, 0.00, 4, '2021-03-01 06:12:23', 0, '0000-00-00 00:00:00', 1, '0000-00-00', 0, '0000-00-00', 0, '', 0.00),
(24, '2021-01-23', 18988, 'Pick up', 'PARAÑAQUE CITY\r\n', 15, 360.00, 45, 480.00, 0, 0.00, 'Shiere', 'Francis', 56, 27000.00, 0.00, 4, '2021-03-01 06:15:53', 0, '0000-00-00 00:00:00', 1, '0000-00-00', 0, '0000-00-00', 0, '', 0.00),
(25, '2021-01-23', 18987, 'Pick up', 'BACOOR CITY CAVITE\r\n', 50, 330.00, 100, 456.00, 0, 0.00, 'Shiere', 'Francis', 23, 62100.00, 62100.00, 4, '2021-03-01 06:19:20', 0, '0000-00-00 00:00:00', 1, '0000-00-00', 0, '0000-00-00', 0, '', 0.00),
(26, '2021-01-19', 18972, 'Larene', 'BOCAUE BULACAN\r\n', 0, 0.00, 30, 540.00, 0, 0.00, 'Shiere', 'Francis', 46, 16200.00, 0.00, 4, '2021-03-01 06:22:01', 0, '0000-00-00 00:00:00', 1, '0000-00-00', 0, '0000-00-00', 0, '', 0.00),
(27, '2021-01-05', 18732, 'Jhunjie', 'PASIG CITY\r\n', 0, 0.00, 10, 540.00, 2, 360.00, 'Shiere', 'Francis', 9, 6120.00, 0.00, 4, '2021-03-01 06:24:51', 0, '0000-00-00 00:00:00', 1, '0000-00-00', 0, '0000-00-00', 0, '', 0.00),
(28, '2021-01-29', 19008, 'Jay', 'PASIG CITY\r\n', 0, 0.00, 10, 540.00, 2, 360.00, 'Shiere', 'Francis', 9, 6120.00, 0.00, 4, '2021-03-01 06:26:59', 0, '0000-00-00 00:00:00', 1, '0000-00-00', 0, '0000-00-00', 0, '', 0.00),
(29, '2021-01-05', 18728, 'Pick up', 'MALABON CITY\r\n', 10, 360.00, 0, 0.00, 0, 0.00, 'Shiere', 'Francis', 5, 3600.00, 0.00, 4, '2021-03-01 06:33:42', 0, '0000-00-00 00:00:00', 1, '0000-00-00', 0, '0000-00-00', 0, '', 0.00),
(30, '2021-01-08', 18737, 'Pick up', 'MALABON CITY\r\n', 10, 360.00, 0, 0.00, 0, 0.00, 'Shiere', 'Francis', 5, 3600.00, 0.00, 4, '2021-03-01 06:35:58', 0, '0000-00-00 00:00:00', 1, '0000-00-00', 0, '0000-00-00', 0, '', 0.00),
(31, '2021-01-16', 18960, 'Pick up', 'MALABON CITY\r\n', 10, 360.00, 30, 520.00, 0, 0.00, 'Shiere', 'Francis', 5, 19200.00, 0.00, 4, '2021-03-01 06:38:52', 0, '0000-00-00 00:00:00', 1, '0000-00-00', 0, '0000-00-00', 0, '', 0.00),
(32, '2021-01-29', 19012, 'Pick up', 'MALABON CITY\r\n', 10, 360.00, 30, 520.00, 0, 0.00, 'Shiere', 'Francis', 5, 19200.00, 0.00, 4, '2021-03-01 06:49:11', 0, '0000-00-00 00:00:00', 1, '0000-00-00', 0, '0000-00-00', 0, '', 0.00),
(33, '2021-01-21', 18980, 'Larene', 'nueva ecija', 0, 0.00, 10, 504.00, 0, 0.00, 'Shiere', 'Francis', 66, 5040.00, 5040.00, 4, '2021-03-02 02:38:07', 0, '0000-00-00 00:00:00', 1, '0000-00-00', 0, '0000-00-00', 0, '', 0.00),
(34, '2021-03-01', 19111, 'Jhunjie', 'Taytay Rizal', 40, 330.00, 70, 456.00, 0, 0.00, 'Shiere', 'Francis', 41, 45120.00, 45120.00, 4, '2021-03-04 09:29:09', 0, '0000-00-00 00:00:00', 1, '0000-00-00', 0, '0000-00-00', 0, '', 0.00),
(35, '2021-03-01', 19112, 'Jhunjie', 'QUEZON CITY', 20, 300.00, 100, 420.00, 0, 0.00, 'Shiere', 'Francis', 7, 48000.00, 48000.00, 4, '2021-03-06 07:52:32', 0, '0000-00-00 00:00:00', 1, '0000-00-00', 0, '0000-00-00', 0, '', 0.00),
(36, '2021-03-01', 19114, 'Jhunjie', 'QUEZON CITY', 60, 360.00, 30, 540.00, 0, 0.00, 'Shiere', 'Francis', 35, 37800.00, 37800.00, 4, '2021-03-06 07:53:41', 0, '0000-00-00 00:00:00', 1, '0000-00-00', 0, '0000-00-00', 0, '', 0.00),
(37, '2021-03-01', 19102, 'Jay', 'TAGUIG CITY', 0, 0.00, 30, 504.00, 0, 0.00, 'Shiere', 'Francis', 24, 15120.00, 15120.00, 4, '2021-03-06 07:54:33', 0, '0000-00-00 00:00:00', 1, '0000-00-00', 0, '0000-00-00', 0, '', 0.00),
(38, '2021-03-01', 19104, 'Jay', 'LAS PIÑAS', 20, 350.00, 50, 500.00, 10, 336.00, 'Shiere', 'Francis', 28, 35360.00, 35360.00, 4, '2021-03-06 07:55:53', 0, '0000-00-00 00:00:00', 1, '0000-00-00', 0, '0000-00-00', 0, '', 0.00),
(39, '2021-03-01', 19101, 'Jay', 'MANILA', 0, 0.00, 30, 468.00, 0, 0.00, 'Shiere', 'Francis', 69, 14040.00, 14040.00, 4, '2021-03-06 07:58:42', 0, '0000-00-00 00:00:00', 1, '0000-00-00', 0, '0000-00-00', 0, '', 0.00),
(40, '2021-03-01', 24810, 'Jay', 'CAVITE', 0, 0.00, 10, 550.00, 0, 0.00, 'Shiere', 'Francis', 70, 5500.00, 5500.00, 4, '2021-03-06 08:01:11', 0, '0000-00-00 00:00:00', 1, '0000-00-00', 0, '0000-00-00', 0, '', 0.00),
(41, '2021-03-01', 19107, 'Pick up', 'BAESA QUEZON CITY', 7, 300.00, 0, 0.00, 0, 0.00, 'Shiere', 'Francis', 68, 2100.00, 2100.00, 4, '2021-03-06 08:02:08', 0, '0000-00-00 00:00:00', 1, '0000-00-00', 0, '0000-00-00', 0, '', 0.00),
(42, '2021-03-02', 19116, 'Pick up', 'BAESA QUEZON CITY', 15, 300.00, 0, 0.00, 0, 0.00, 'Shiere', 'Francis', 68, 4500.00, 4500.00, 4, '2021-03-06 08:02:53', 0, '0000-00-00 00:00:00', 1, '0000-00-00', 0, '0000-00-00', 0, '', 0.00),
(43, '2021-03-02', 19117, 'Remil', 'BOCAUE BULACAN', 0, 0.00, 100, 540.00, 0, 0.00, 'Shiere', 'Francis', 13, 54000.00, 54000.00, 4, '2021-03-06 08:04:06', 0, '0000-00-00 00:00:00', 1, '0000-00-00', 0, '0000-00-00', 0, '', 0.00),
(44, '2021-03-02', 19118, 'Pick up', 'MALABON CITY', 10, 360.00, 20, 520.00, 0, 0.00, 'Shiere', 'Francis', 5, 14000.00, 14000.00, 4, '2021-03-06 08:04:59', 0, '0000-00-00 00:00:00', 1, '0000-00-00', 0, '0000-00-00', 0, '', 0.00),
(45, '2021-03-02', 24857, 'Pick up', 'BATANGAS', 0, 0.00, 7, 636.00, 0, 0.00, 'Shiere', 'Francis', 71, 4452.00, 4452.00, 4, '2021-03-06 08:06:31', 0, '0000-00-00 00:00:00', 1, '0000-00-00', 0, '0000-00-00', 0, '', 0.00),
(46, '2021-03-01', 24858, 'Pick up', 'MARIKINA', 0, 0.00, 5, 636.00, 0, 0.00, 'Shiere', 'Francis', 72, 3180.00, 3180.00, 4, '2021-03-06 08:07:42', 0, '0000-00-00 00:00:00', 1, '0000-00-00', 0, '0000-00-00', 0, '', 0.00),
(47, '2021-03-02', 24859, 'Pick up', 'CAVITE', 2, 435.00, 5, 588.00, 0, 0.00, 'Shiere', 'Francis', 73, 3810.00, 3810.00, 4, '2021-03-06 08:11:35', 0, '0000-00-00 00:00:00', 1, '0000-00-00', 0, '0000-00-00', 0, '', 0.00),
(48, '2021-03-02', 24860, 'Pick up', 'CAVITE', 5, 435.00, 7, 588.00, 0, 0.00, 'Shiere', 'Francis', 74, 6291.00, 6291.00, 4, '2021-03-06 08:12:41', 0, '0000-00-00 00:00:00', 1, '0000-00-00', 0, '0000-00-00', 0, '', 0.00),
(49, '2021-03-02', 24861, 'Pick up', 'SOUTH', 0, 0.00, 0, 0.00, 10, 456.00, 'Shiere', 'Francis', 75, 4560.00, 4560.00, 4, '2021-03-06 08:14:15', 0, '0000-00-00 00:00:00', 1, '0000-00-00', 0, '0000-00-00', 0, '', 0.00),
(50, '2021-03-03', 19119, 'Pick up', 'BAESA QUEZON CITY', 10, 300.00, 0, 0.00, 0, 0.00, 'Shiere', 'Francis', 68, 3000.00, 3000.00, 4, '2021-03-06 08:15:22', 0, '0000-00-00 00:00:00', 1, '0000-00-00', 0, '0000-00-00', 0, '', 0.00),
(51, '2021-03-03', 19120, 'Jay', 'BULACAN', 0, 0.00, 50, 540.00, 0, 0.00, 'Shiere', 'Francis', 65, 27000.00, 27000.00, 4, '2021-03-06 08:16:05', 0, '0000-00-00 00:00:00', 1, '0000-00-00', 0, '0000-00-00', 0, '', 0.00),
(52, '2021-02-09', 19292, 'Larene', 'CAVITE', 2, 495.00, 2, 636.00, 0, 0.00, 'Shiere', 'Francis', 18, 2262.00, 2262.00, 4, '2021-03-06 08:17:02', 0, '0000-00-00 00:00:00', 1, '0000-00-00', 0, '0000-00-00', 0, '', 0.00),
(53, '2021-03-03', 24811, 'Remil', 'CAVITE', 0, 0.00, 2, 540.00, 0, 0.00, 'Shiere', 'Francis', 76, 1080.00, 1080.00, 4, '2021-03-06 08:21:22', 0, '0000-00-00 00:00:00', 1, '0000-00-00', 0, '0000-00-00', 0, '', 0.00),
(54, '2021-03-03', 24812, 'Remil', 'CAVITE', 10, 400.00, 0, 0.00, 0, 0.00, 'Shiere', 'Francis', 77, 4000.00, 4000.00, 4, '2021-03-06 08:23:40', 0, '0000-00-00 00:00:00', 1, '0000-00-00', 0, '0000-00-00', 0, '', 0.00),
(55, '2021-03-03', 24813, 'Remil', 'CAVITE', 5, 360.00, 5, 528.00, 0, 0.00, 'Shiere', 'Francis', 78, 4440.00, 4440.00, 4, '2021-03-06 08:26:08', 0, '0000-00-00 00:00:00', 1, '0000-00-00', 0, '0000-00-00', 0, '', 0.00),
(56, '2021-03-03', 24814, 'Remil', 'CAVITE', 3, 400.00, 3, 550.00, 0, 0.00, 'Shiere', 'Francis', 48, 2850.00, 2850.00, 4, '2021-03-06 08:27:06', 0, '0000-00-00 00:00:00', 1, '0000-00-00', 0, '0000-00-00', 0, '', 0.00),
(57, '2021-03-03', 24815, 'Remil', 'CAVITE', 1, 400.00, 2, 550.00, 0, 0.00, 'Shiere', 'Francis', 60, 1500.00, 1500.00, 4, '2021-03-06 08:28:23', 0, '0000-00-00 00:00:00', 1, '0000-00-00', 0, '0000-00-00', 0, '', 0.00),
(58, '2021-03-03', 24809, 'Remil', 'PASIG', 0, 0.00, 10, 540.00, 0, 0.00, 'Shiere', 'Francis', 9, 5400.00, 5400.00, 4, '2021-03-06 08:29:30', 0, '0000-00-00 00:00:00', 1, '0000-00-00', 0, '0000-00-00', 0, '', 0.00),
(59, '2021-03-04', 19123, 'Pick up', 'QUEZON CITY', 50, 360.00, 0, 0.00, 0, 0.00, 'Shiere', 'Francis', 35, 18000.00, 18000.00, 4, '2021-03-06 08:31:55', 0, '0000-00-00 00:00:00', 1, '0000-00-00', 0, '0000-00-00', 0, '', 0.00),
(60, '2021-03-04', 19124, 'Pick up', 'STA. QUITERIA CALOOCAN CITY', 0, 0.00, 2, 528.00, 0, 0.00, 'Shiere', 'Francis', 27, 1056.00, 1056.00, 4, '2021-03-06 08:33:16', 0, '0000-00-00 00:00:00', 1, '0000-00-00', 0, '0000-00-00', 0, '', 0.00),
(61, '2021-03-05', 19127, 'Pick up', 'PASIG CITY', 10, 380.00, 90, 530.00, 0, 0.00, 'Shiere', 'Francis', 6, 51500.00, 51500.00, 4, '2021-03-06 08:35:04', 0, '0000-00-00 00:00:00', 1, '0000-00-00', 0, '0000-00-00', 0, '', 0.00),
(62, '2021-03-05', 19128, 'Pick up', 'ANTIPOLO', 5, 360.00, 5, 504.00, 0, 0.00, 'Shiere', 'Francis', 59, 4320.00, 4320.00, 4, '2021-03-06 08:36:28', 0, '0000-00-00 00:00:00', 1, '0000-00-00', 0, '0000-00-00', 0, '', 0.00),
(63, '2021-03-06', 19131, 'Ian', 'Rubyville Sta. Quiteria Caloocan City', 0, 0.00, 3, 520.00, 0, 0.00, 'Francis', 'Francis', 4, 1560.00, 1560.00, 4, '2021-03-09 02:13:40', 0, '0000-00-00 00:00:00', 1, '0000-00-00', 0, '0000-00-00', 0, '', 0.00),
(64, '2021-03-07', 19132, 'Pick up', 'Quezon City', 3, 360.00, 0, 0.00, 0, 0.00, 'Francis', 'Francis', 10, 1080.00, 1080.00, 4, '2021-03-09 02:22:21', 0, '0000-00-00 00:00:00', 1, '0000-00-00', 0, '0000-00-00', 0, '', 0.00),
(65, '2021-02-02', 19272, 'Jay', 'caloocan city', 4, 350.00, 5, 520.00, 0, 0.00, 'FRANCIS', 'FRANCIS', 4, 4000.00, 4000.00, 4, '2021-03-11 01:07:06', 0, '0000-00-00 00:00:00', 1, '0000-00-00', 0, '0000-00-00', 0, '', 0.00),
(66, '2021-02-04', 19030, 'Pick up', 'CALOOCAN CITY', 5, 350.00, 5, 520.00, 0, 0.00, 'Shiere', 'Francis', 4, 4350.00, 4350.00, 4, '2021-03-11 01:14:01', 0, '0000-00-00 00:00:00', 1, '0000-00-00', 0, '0000-00-00', 0, '', 0.00);

-- --------------------------------------------------------

--
-- Table structure for table `expenses`
--

CREATE TABLE `expenses` (
  `id` int(11) NOT NULL,
  `date_receipt` date DEFAULT NULL,
  `date_added` timestamp NOT NULL DEFAULT CURRENT_TIMESTAMP,
  `added_by` int(11) NOT NULL,
  `amount` decimal(11,2) DEFAULT NULL,
  `net_vat` decimal(11,2) DEFAULT NULL,
  `vat` decimal(11,2) DEFAULT NULL,
  `address` varchar(255) NOT NULL,
  `vat_status` int(11) NOT NULL,
  `particular` varchar(100) NOT NULL,
  `category` int(11) NOT NULL,
  `establishment` varchar(100) NOT NULL,
  `name` varchar(50) NOT NULL,
  `invoice` varchar(25) NOT NULL,
  `tin` varchar(50) NOT NULL
) ENGINE=MyISAM DEFAULT CHARSET=latin1;

--
-- Dumping data for table `expenses`
--

INSERT INTO `expenses` (`id`, `date_receipt`, `date_added`, `added_by`, `amount`, `net_vat`, `vat`, `address`, `vat_status`, `particular`, `category`, `establishment`, `name`, `invoice`, `tin`) VALUES
(21, '2021-02-24', '2021-02-26 00:29:50', 5, 180.00, 0.00, 0.00, '', 2, 'taxi fee', 6, '', 'April Joy M', '', ''),
(20, '2021-02-24', '2021-02-26 00:28:45', 5, 4300.00, 3839.00, 461.00, '', 1, '50 Kg Pryce Gas', 10, '', 'Aldwin Jay ', '', ''),
(19, '2021-02-24', '2021-02-26 00:27:30', 5, 80.00, 0.00, 0.00, '', 2, 'Meal', 13, '', 'Mark Ian Ba', '', ''),
(18, '2021-02-24', '2021-02-26 00:25:14', 5, 100.00, 89.00, 11.00, '', 1, 'Diesel', 8, '', 'Mark Ian Battad', '', ''),
(17, '2021-02-24', '2021-02-26 00:24:21', 5, 50.00, 0.00, 0.00, '', 2, 'Lighter for Cook', 10, '', 'John Paul L', '', ''),
(16, '2021-02-24', '2021-02-26 00:21:06', 5, 500.00, 0.00, 0.00, '', 2, 'Snack', 13, '', 'Pure C Empl', '', ''),
(14, '2021-02-24', '2021-02-26 00:19:00', 5, 1890.00, 0.00, 0.00, 'Cuadra, Sta. Quiteria', 2, 'Cash Advance', 15, 'employee', 'Junmark Cat', '', ''),
(22, '2021-02-24', '2021-02-26 00:31:23', 5, 1077.63, 0.00, 0.00, '', 2, 'LTO tubos', 26, '', 'Jhun Jie Dajao', '', ''),
(24, '2021-02-24', '2021-02-26 00:32:47', 5, 100.00, 89.00, 11.00, '', 1, 'Diesel', 8, '', 'Jhun Jie Dajao', '', ''),
(25, '2021-02-24', '2021-02-26 00:35:36', 5, 70.00, 0.00, 0.00, '', 2, 'Meal', 13, '', 'Jhun Jie Dajao', '', ''),
(26, '2021-02-24', '2021-02-26 00:36:43', 5, 30.00, 0.00, 0.00, '', 2, 'Face Mask', 29, '', 'Jhun Jie Dajao', '', ''),
(31, '2021-02-25', '2021-02-27 07:40:49', 5, 1000.00, 893.00, 107.00, '188 Mindanao Ave. Brgy Bahay Toro', 1, 'Diesel - QC & Tanay Delivery', 8, 'Two Thumbs Up Gasoline Station', 'Aldwin Jay Jimenez', '1245056', ''),
(29, '2021-02-25', '2021-02-27 07:37:26', 5, 500.00, 0.00, 0.00, '', 2, 'Production Snack', 13, '', 'April Joy Mesa', '', ''),
(32, '2021-02-25', '2021-02-27 07:42:13', 5, 140.00, 0.00, 0.00, '', 2, 'Meal - QC & Tanay Delivery', 13, '', 'Aldwin Jay Jimenez', '', ''),
(33, '2021-02-25', '2021-02-27 07:43:35', 5, 50.00, 0.00, 0.00, '', 2, 'Piso per Box - QC & Tanay Delivery', 32, '', 'Aldwin Jay Jimenez', '', ''),
(34, '2021-02-25', '2021-02-27 07:47:13', 5, 1000.00, 893.00, 107.00, 'PTT Station Mall SCTEX NB Santiago Conception Tarlac', 1, 'Diesel - Manila/Wellness/Al Durante Delivery', 8, 'First Branded Marketer Inc.', 'Jhun Jie Dajao', '1001300068591', ''),
(35, '2021-02-25', '2021-02-27 07:48:08', 5, 1560.00, 0.00, 0.00, '', 2, 'Diesel - Manila/Wellness/Al Durante Delivery (no receipt)', 8, '', 'Jhun Jie Dajao', '', ''),
(36, '2021-02-25', '2021-02-27 07:55:44', 5, 140.00, 0.00, 0.00, '', 2, 'Meal - Manila/Wellness/Al Durante Delivery', 13, '', 'Jhun Jie Dajao', '', ''),
(37, '2021-02-25', '2021-02-27 07:56:37', 5, 155.00, 0.00, 0.00, '', 2, 'Piso per Box - Manila/Wellness/Al Durante Delivery', 32, '', 'Jhun Jie Dajao', '', ''),
(38, '2021-02-25', '2021-02-27 07:57:44', 5, 100.00, 0.00, 0.00, '', 2, 'Load - Manila/Wellness/Al Durante Delivery', 5, '', 'Jhun Jie Dajao', '', ''),
(39, '2021-02-26', '2021-02-27 09:35:14', 5, 200.00, 0.00, 0.00, '', 2, 'Snack - Blowing & Office ', 13, '', 'Geraldine Sotomayor', '', ''),
(40, '2021-02-26', '2021-02-27 09:37:17', 5, 101.00, 0.00, 0.00, '', 2, 'Transportation - Bank Deposits', 6, '', 'Shiere Mae Roy', '', ''),
(41, '2021-02-26', '2021-02-27 09:38:26', 5, 300.00, 0.00, 0.00, '', 2, 'Meal', 14, '', 'Arnold Castro', '', ''),
(42, '2021-02-26', '2021-02-27 09:49:53', 5, 12200.00, 0.00, 0.00, '', 2, '2 Smart, 3 PLDT, 5 Globe, Innove', 14, '', 'Arnold Castro', '', ''),
(43, '2021-02-26', '2021-02-27 09:51:12', 5, 2512.00, 0.00, 0.00, '', 2, 'Converge - Office', 18, '', 'Office', '', ''),
(44, '2021-02-26', '2021-02-27 09:55:00', 5, 850.00, 0.00, 0.00, '', 2, '3pcs bearing, etc.', 11, '', 'Joey Palma', '', ''),
(45, '2021-02-26', '2021-02-27 09:59:29', 5, 450.00, 0.00, 0.00, '', 2, 'Labor', 12, '', 'Joey Palma', '', ''),
(46, '2021-02-26', '2021-02-27 10:01:15', 5, 305.00, 0.00, 0.00, '', 2, 'Meal', 13, '', 'Arnold Castro', '', ''),
(47, '2021-02-26', '2021-02-27 10:04:30', 5, 118.00, 0.00, 0.00, '', 2, 'Piso per Box', 32, '', 'Aldwin Jay Jimenez', '', ''),
(48, '2021-02-27', '2021-02-27 12:30:34', 5, 500.00, 0.00, 0.00, '', 2, 'Snack - Production', 13, '', 'John Paul Luis', '', ''),
(49, '2021-02-27', '2021-02-27 12:31:56', 5, 2000.00, 0.00, 0.00, '', 2, 'RF for Pure C System (initial payment)', 17, '', 'Ruffy Castro', '', ''),
(50, '2021-02-27', '2021-02-27 12:32:49', 5, 225.00, 0.00, 0.00, '', 2, '1 rim of long bond paper for GMB', 21, '', 'Jhun Jie Dajao', '', ''),
(128, '2021-02-27', '2021-03-11 00:42:40', 2, 26746.00, 23880.36, 2865.64, '5084 Darlucio St., Brgy Ugong Dist 2 Valenzuela City', 1, 'Pryce Gas - 2x11kg & 12x50kg', 10, 'Oro Oxygen Corporation', 'Jhun Jie Dajao', '21976', '006432858030'),
(52, '2021-02-27', '2021-02-27 12:41:32', 5, 50.00, 0.00, 0.00, '', 2, 'Gate Entry/Exit Fee', 25, 'Remarville Subdivision Homeowners Association', 'Jhun Jie Dajao', '59642,43,44,46,47', ''),
(53, '2021-02-27', '2021-02-27 12:45:14', 5, 1000.00, 893.00, 107.00, 'Km 21 West Service Road, Cupang NCR Fourth District Muntinlupa City', 1, 'Diesel', 8, 'Phoenix Cupang Muntinlupa', 'Thelmo Ramos', '107646', '0068214110043'),
(54, '2021-02-27', '2021-02-27 12:47:37', 5, 40.00, 36.00, 4.00, 'South Supermarket, Filinvest Corporate City, Alabang NCR, Fourth District, Muntinlupa City', 1, 'Parking Fee', 24, 'South Supermarket Alabang', 'Thelmo Ramos', '894805', '005620115083'),
(55, '2021-02-27', '2021-02-27 12:52:43', 5, 935.00, 0.00, 0.00, '', 2, '85/day Meal for 15-20, 22-24, 26-27 Feb (11 days)', 13, '', 'Thelmo Ramos', '', ''),
(56, '2021-02-27', '2021-02-27 12:53:40', 5, 450.00, 0.00, 0.00, '', 2, 'Sun Prepaid Card', 19, '', 'Thelmo Ramos', '', ''),
(57, '2021-03-01', '2021-03-03 03:55:08', 4, 125.00, 0.00, 0.00, '', 2, 'Meal production', 13, '', 'Francis', '', ''),
(58, '2021-03-01', '2021-03-03 05:08:39', 4, 50.00, 0.00, 0.00, '', 2, 'Load Allowance', 19, '', 'Grace M.B', '', ''),
(59, '2021-03-01', '2021-03-03 05:14:10', 4, 60.00, 0.00, 0.00, 'Bagbag, Novaliches, Quezon City', 2, 'Gate pass', 25, 'KHAI', 'Jhunjie', '104719', '411426392000'),
(60, '2021-03-01', '2021-03-03 05:16:53', 4, 10.00, 0.00, 0.00, 'Multi Purpose Hall-B 32 Obedience St., Brgy San Bartolome, Novaliches, Quezon City', 2, 'Gate pass', 25, 'Goodwill 1 Homeowners Ass., INC', 'Jhunjie', '118291', '240989400000'),
(61, '2021-03-01', '2021-03-03 05:20:00', 4, 10.00, 0.00, 0.00, 'Multi Purpose Hall-B 32 Obedience St. Brgy. San Bartolome, Novaliches, Quezon City', 2, 'Gate pass', 25, 'Goodwill 1 Homeowners Ass., INC', 'Jhunjie', '118290', '24098940000'),
(62, '2021-03-01', '2021-03-03 05:21:54', 4, 10.00, 0.00, 0.00, 'Multi Purpose  Hall-B 32 Obedience St. Brgy. San Bartolome, Novaliches, Quezon City', 2, 'Gate pass', 25, 'Goodwill 1 Homeowners Ass., INC', 'Jhunjie', '118287', '24098940000'),
(63, '2021-03-01', '2021-03-03 05:23:36', 4, 10.00, 0.00, 0.00, 'Multi Purpose  Hall-B 32, Obedience St., Brgy. San Bartolome, Novaliches, Quezon City', 2, 'Gate pass', 25, 'Goodwill 1 Homeowners Ass., INC', 'Jhunjie', '118288', '24098940000'),
(64, '2021-03-01', '2021-03-03 05:29:43', 4, 10.00, 0.00, 0.00, 'Multi Purpose Hall-B 32 Obedience St., Brgy. San Bartolome, Novaliches, Quezon City', 2, 'Gate pass', 25, 'Goodwill 1 Homeowners Ass., INC', 'Jhunjie', '118286', '24098940000'),
(65, '2021-03-01', '2021-03-03 05:31:50', 4, 10.00, 0.00, 0.00, 'Multi Purpose Hall-B 32, Obedience St., San Bartolome, Novaliches, Quezon City', 2, 'Gate pass', 25, 'Goodwill 1 Homeowners Ass., INC', 'Jhunjie', '118289', '24098940000'),
(66, '2021-03-01', '2021-03-03 05:33:07', 4, 10.00, 0.00, 0.00, '', 2, 'Gate pass', 25, 'San Pedro IX Subdivision', 'Jhunjie', '118383', ''),
(67, '2021-03-01', '2021-03-03 05:36:05', 4, 10.00, 0.00, 0.00, '', 2, 'Gate pass', 25, 'San Pedro IX Subdivision', 'Jhunjie', '118384', ''),
(68, '2021-03-01', '2021-03-03 05:36:41', 4, 10.00, 0.00, 0.00, '', 2, 'Gate pass', 25, 'San Pedro IX Subdivision', 'Jhunjie', '118385', ''),
(69, '2021-03-01', '2021-03-03 05:42:51', 4, 1000.00, 893.00, 107.00, 'Que Grande St., Brgy. Ugong, Dist. 2, City Of Valenzuela', 1, 'Diesel', 8, 'Power Fill', 'Jhunjie', '19964', '010398659000'),
(70, '2021-03-01', '2021-03-03 05:57:16', 4, 170.00, 152.00, 18.00, 'Clubhouse, #100 Mahogany Road, Pilar Village, Las Pinas City', 1, 'Gate pass', 25, 'Pillar Village Homeowner Association Inc.', 'Jay', '219975', '00395846100000'),
(71, '2021-03-01', '2021-03-03 07:30:55', 4, 1000.00, 893.00, 107.00, 'Quirino Ave cor Kabihasnan Rd.\r\n\r\n\r\n\r\n\r\n ', 1, 'Diesel', 8, 'Petron', 'Jay', '170690', '104036739002'),
(72, '2021-03-01', '2021-03-03 07:38:08', 4, 1000.00, 893.00, 107.00, 'Centennial Rd. Gahak kawit, Cavite', 1, 'Diesel', 8, 'Petron', 'Jay', '1762891', '0075672240003'),
(73, '2021-03-02', '2021-03-03 07:41:09', 4, 100.00, 0.00, 0.00, '', 2, 'Knife', 10, '', 'Remil', '4052693', ''),
(74, '2021-03-02', '2021-03-03 07:46:09', 4, 500.00, 0.00, 0.00, '', 2, 'Meal production', 13, '', 'Grace L.A', '', ''),
(75, '2021-03-02', '2021-03-03 07:47:07', 4, 45.00, 0.00, 0.00, '', 2, 'Transportation', 6, '', 'Francis', '', ''),
(76, '2021-03-02', '2021-03-03 07:51:40', 4, 100.00, 0.00, 0.00, '', 2, 'Notary', 28, '', 'Grace M.B', '', ''),
(77, '2021-03-02', '2021-03-03 07:53:44', 4, 50.00, 0.00, 0.00, '631 PNR Comp. Samsod RD. Cal City', 2, 'Burn CD', 29, 'NS Printing', 'Grace M.B', '', ''),
(78, '2021-03-02', '2021-03-03 07:54:34', 4, 48.00, 0.00, 0.00, '', 2, 'Vellum Board', 21, '', 'Grace M.B', '', ''),
(79, '2021-03-02', '2021-03-03 07:57:47', 4, 75.00, 67.00, 8.00, 'NLEX Compound, Balintawak, Caloocan City', 1, 'Gate pass', 25, 'NLEX Corporation', 'Jhunjie', '0187040070332', '0049849460000'),
(80, '2021-03-02', '2021-03-03 07:58:58', 4, 140.00, 0.00, 0.00, '', 2, 'Meal Logistic', 13, '', 'Jhunjie', '', ''),
(81, '2021-03-02', '2021-03-03 07:59:47', 4, 100.00, 0.00, 0.00, '', 2, 'Piso per box', 32, '', 'Jhunjie', '', ''),
(82, '2021-03-02', '2021-03-03 08:02:32', 4, 170.40, 152.00, 18.00, 'Dr. A Santos Avenue cor. Irenevill, Parañaque City', 1, 'Diesel', 0, 'Caltex', 'Larene', '59EB321463', ''),
(83, '2021-03-02', '2021-03-03 08:06:06', 4, 150.00, 134.00, 16.00, 'Cavite Viejo Subd. Kawit Cavite', 1, 'Diesel', 8, 'South Area Auto Gas Corp.', 'Larene', '1802247', '006986998004'),
(84, '2021-03-02', '2021-03-03 08:07:56', 4, 140.00, 125.00, 15.00, 'Pinagtung-Ulan San Jose Batangas', 1, 'Diesel', 8, 'Patroil Gas Station INC.', 'Larene', '105023', '008084697000'),
(85, '2021-03-03', '2021-03-08 07:54:44', 5, 84.00, 0.00, 0.00, '', 2, '2kg of rice', 23, '', 'Francis Buella', '', ''),
(86, '2021-03-03', '2021-03-08 07:55:36', 5, 500.00, 0.00, 0.00, '', 2, 'Snack - Production', 13, '', 'John Paul Luis', '', ''),
(87, '2021-03-03', '2021-03-08 07:56:20', 5, 20.00, 0.00, 0.00, '', 2, 'Sampaguita', 29, '', 'Gerald Maraño', '', ''),
(88, '2021-03-03', '2021-03-08 07:57:33', 5, 65.00, 0.00, 0.00, '', 2, 'Transportation - Bank Deposit', 6, '', 'Shiere Mae Roy', '', ''),
(89, '2021-03-03', '2021-03-08 07:59:18', 5, 30.00, 27.00, 3.00, 'Km 12 NLEX Compound, Balintawak, Caloocan City', 1, 'toll fee', 25, 'NLEX Corporation', 'Aldwin Jay Jimenez', '128030030188', '00498494600000'),
(90, '2021-03-03', '2021-03-08 08:02:58', 5, 50.00, 45.00, 5.00, 'Lot 20 B-1 B-4 Jordan Subd. Jordan St. Cor Rodriguez Dr Brgy Baesa  Quezon City', 1, 'Diesel', 8, 'Orange Fuel, Inc.', 'Aldwin Jay Jimenez', '372353', '006335781005'),
(91, '2021-03-03', '2021-03-08 08:03:38', 5, 50.00, 0.00, 0.00, '', 2, 'Piso per Box', 32, '', 'Aldwin Jay Jimenez', '', ''),
(92, '2021-03-03', '2021-03-08 08:04:12', 5, 140.00, 0.00, 0.00, '', 2, 'Meal', 13, '', 'Aldwin Jay Jimenez', '', ''),
(93, '2021-03-03', '2021-03-08 08:07:39', 5, 1500.00, 0.00, 0.00, 'Brgy. San Antonio, Centennial Rd. Noveleta Cavite', 2, 'Diesel', 8, 'Green Pump San Antonio Noveleta Cavite, Inc.', 'Mary Grace Bitancur', '382', ''),
(94, '2021-03-03', '2021-03-08 08:08:15', 5, 140.00, 0.00, 0.00, '', 2, 'Meal', 13, '', 'Mary Grace Bitancur', '', ''),
(95, '2021-03-03', '2021-03-08 08:08:44', 5, 20.00, 0.00, 0.00, '', 2, 'Parking Fee', 24, '', 'Mary Grace Bitancur', '', ''),
(96, '2021-03-04', '2021-03-08 08:14:12', 5, 5100.00, 0.00, 0.00, '', 2, 'Parking Fee for the month of February', 24, '', 'Mark Ian Battad', '', ''),
(97, '2021-03-04', '2021-03-08 08:15:44', 5, 100.00, 89.00, 11.00, '100 Tullahad Rd., Sta. Quiteria, Brgy 162', 1, 'Diesel', 8, 'Petrozone Oil Marketing', 'Mark Ian Battad', '440286', '1212065960003'),
(98, '2021-03-04', '2021-03-08 08:16:32', 5, 100.00, 0.00, 0.00, '', 2, 'Snack - Office', 13, '', 'Shiere Mae Roy', '', ''),
(99, '2021-03-04', '2021-03-08 08:18:47', 5, 4536.00, 0.00, 0.00, '', 2, 'Easy Trip and Autosweep of Canter, Easy Trip of Hilux ', 25, '', 'Jhun Jie Dajao', '', ''),
(100, '2021-03-04', '2021-03-08 08:21:08', 5, 20.00, 0.00, 0.00, 'Bagbag, Novaliches, Quezon City', 2, 'Gate Entry Pass', 25, 'Khai', 'Jhun Jie Dajao', '142807', '411426392'),
(101, '2021-03-04', '2021-03-08 08:23:38', 5, 20.00, 0.00, 0.00, '', 2, 'Gate Pass', 25, 'San Pedro IX Subdivision', 'Jhun Jie Dajao', '118517-18', ''),
(102, '2021-03-04', '2021-03-08 08:26:02', 5, 100.00, 89.00, 11.00, '100 Tullahan Rd., Sta. Quiteria, Brgy 162', 1, 'Diesel', 8, 'Petrozone Oil Marketing', 'Jhun Jie Dajao', '440415', '1212065960003'),
(103, '2021-03-04', '2021-03-08 08:29:02', 5, 1892.00, 1689.00, 203.00, '5084 Darlocio St., Brgy Ugong Dist 2 Valenzuela City ', 1, '11kg Pryce Gas x4', 10, 'Oro Oxygen Corporation', 'Jhun Jie Dajao', '22224', '006432858030'),
(104, '2021-03-04', '2021-03-08 08:29:46', 5, 64.00, 0.00, 0.00, '', 2, 'Piso per Box', 32, '', 'Jhun Jie Dajao', '', ''),
(105, '2021-03-05', '2021-03-08 08:33:15', 5, 100.00, 0.00, 0.00, '', 2, 'Snack - Blowing', 13, '', 'Jay-Ar Colagong', '', ''),
(106, '2021-03-05', '2021-03-08 08:34:13', 5, 50.00, 0.00, 0.00, '', 2, 'Diesel', 8, '', 'Shiere Mae Roy', '', ''),
(107, '2021-03-05', '2021-03-08 08:36:58', 5, 20.00, 0.00, 0.00, '', 2, 'Gate Entry Pass', 25, 'Remarville Subdivision Homeowners Association', 'Aldwin Jay Jimenez', '75854-55', ''),
(108, '2021-03-05', '2021-03-08 08:39:27', 5, 125.00, 0.00, 0.00, '', 2, 'Piso per Box', 32, '', 'Aldwin Jay Jimenez', '', ''),
(109, '2021-03-05', '2021-03-08 08:41:38', 5, 140.00, 0.00, 0.00, '', 2, 'Meal', 0, '', 'Aldwin Jay Jimenez', '', ''),
(110, '2021-03-05', '2021-03-08 08:50:50', 5, 1000.00, 893.00, 107.00, 'Garita A, Maragondon Cavite', 1, 'Diesel', 8, 'Galaxi Petroleum Fuel, Inc.', 'Jhun Jie Dajao', '21456', '00682141100040'),
(111, '2021-03-05', '2021-03-08 08:52:44', 5, 280.00, 0.00, 0.00, '', 2, 'Meal', 13, '', 'Jhun Jie Dajao', '', ''),
(112, '2021-03-05', '2021-03-08 08:53:59', 5, 100.00, 0.00, 0.00, '', 2, 'Load', 19, '', 'Jhun Jie Dajao', '', ''),
(113, '2021-03-05', '2021-03-08 09:04:39', 5, 94.00, 0.00, 0.00, '', 2, 'Piso per Box', 32, '', 'Jhun Jie Dajao', '', ''),
(114, '2021-03-05', '2021-03-08 09:08:08', 5, 1000.00, 893.00, 107.00, 'Que Grande St., Brgy, Ugong, Dist 2, City of Valenzuela', 1, 'Diesel', 8, 'Que Grande Ugong Valenzuela Filling Station', 'Jhun Jie Dajao', '20074', '010398659000'),
(115, '2021-03-05', '2021-03-08 09:09:26', 5, 1150.00, 1027.00, 123.00, 'Purok 5 Sta. Cruz, Zaragoza, Nueva Ecija', 1, 'Diesel', 8, 'Camino A-1 Gas Station', 'Jhun Jie Dajao', '150504', '210699621004'),
(116, '2021-03-05', '2021-03-08 09:13:36', 5, 390.00, 348.00, 42.00, 'Km12 Nlex Compound Balintawak, Caloocan City', 1, 'toll fee', 25, 'NLEX Corporation', 'Jhun Jie Dajao', '123220073164', '00498494600000'),
(117, '2021-03-05', '2021-03-08 09:15:40', 5, 99.00, 88.00, 11.00, '11th flr San Miguel Properties Center St. Francis Street Ortigas Center Wack Wack Mandaluyong City', 1, 'toll fee', 25, 'SMC TPLEX Corporation', 'Jhun Jie Dajao', '995400', '006887378000'),
(118, '2021-03-05', '2021-03-08 09:16:57', 5, 140.00, 0.00, 0.00, '', 2, 'Meal', 13, '', 'Jhun Jie Dajao', '', ''),
(119, '2021-03-05', '2021-03-08 09:18:01', 5, 50.00, 0.00, 0.00, '', 2, 'Piso per Box', 32, '', 'Jhun Jie Dajao', '', ''),
(120, '2021-03-05', '2021-03-08 09:19:59', 5, 300.00, 0.00, 0.00, '', 2, 'Arvel Payment', 12, '', 'Jhun Jie Dajao', '', ''),
(121, '2021-03-06', '2021-03-08 09:25:16', 5, 700.00, 0.00, 0.00, '', 2, 'ASC Load - Sun ', 19, '', 'Denver Roaring', '', ''),
(122, '2021-03-06', '2021-03-08 09:25:47', 5, 200.00, 0.00, 0.00, '', 2, 'Plastic for calamansi juice', 10, '', 'Jay-Ar Colagong', '', ''),
(123, '2021-03-06', '2021-03-08 09:27:09', 5, 74.00, 0.00, 0.00, '', 2, 'Shipping Fee of Solar', 29, '', 'Francis Buella', '', ''),
(124, '2021-03-06', '2021-03-08 09:27:49', 5, 500.00, 0.00, 0.00, '', 2, 'Snack - Production', 13, '', 'Jonel Colagong', '', ''),
(125, '2021-03-07', '2021-03-08 09:30:16', 5, 350.00, 0.00, 0.00, '', 2, 'Load ', 19, '', 'Francis Buella', '', ''),
(126, '2021-03-07', '2021-03-08 09:30:54', 5, 84.00, 0.00, 0.00, '', 2, '2kg of rice', 23, '', 'Francis Buella', '', '');

-- --------------------------------------------------------

--
-- Table structure for table `production`
--

CREATE TABLE `production` (
  `id` int(11) NOT NULL,
  `date_production` date NOT NULL,
  `purec250ml` int(11) NOT NULL,
  `purec500ml` int(11) NOT NULL,
  `pured` int(11) NOT NULL,
  `added_by` int(11) NOT NULL,
  `date_added` datetime NOT NULL DEFAULT CURRENT_TIMESTAMP
) ENGINE=MyISAM DEFAULT CHARSET=latin1;

--
-- Dumping data for table `production`
--

INSERT INTO `production` (`id`, `date_production`, `purec250ml`, `purec500ml`, `pured`, `added_by`, `date_added`) VALUES
(2, '2021-02-25', 137, 137, 0, 2, '2021-02-27 02:50:26'),
(3, '2021-02-24', 293, 293, 0, 2, '2021-02-27 02:51:04');

-- --------------------------------------------------------

--
-- Table structure for table `users`
--

CREATE TABLE `users` (
  `id` int(11) NOT NULL,
  `username` varchar(25) NOT NULL,
  `password` varchar(255) NOT NULL,
  `fname` varchar(25) NOT NULL,
  `lname` varchar(25) NOT NULL,
  `role` int(11) NOT NULL
) ENGINE=MyISAM DEFAULT CHARSET=latin1;

--
-- Dumping data for table `users`
--

INSERT INTO `users` (`id`, `username`, `password`, `fname`, `lname`, `role`) VALUES
(3, 'grace', 'purec1234', 'Mary Grace', 'Bitancur', 2),
(2, 'cargo09', 'ruffycastro09', 'Ruffy', 'Castro', 3),
(4, 'shiere', 'purec1234', 'Shiere Mae', 'Roy', 1),
(5, 'apriljoy', 'purec1234', 'April Joy', 'Mesa', 1),
(6, 'francis', 'purec1234', 'Francis', 'Buela', 1);

--
-- Indexes for dumped tables
--

--
-- Indexes for table `category`
--
ALTER TABLE `category`
  ADD PRIMARY KEY (`id`);

--
-- Indexes for table `check_expenses`
--
ALTER TABLE `check_expenses`
  ADD PRIMARY KEY (`id`);

--
-- Indexes for table `collection`
--
ALTER TABLE `collection`
  ADD PRIMARY KEY (`id`);

--
-- Indexes for table `customer`
--
ALTER TABLE `customer`
  ADD PRIMARY KEY (`id`);

--
-- Indexes for table `dr`
--
ALTER TABLE `dr`
  ADD PRIMARY KEY (`id`);

--
-- Indexes for table `expenses`
--
ALTER TABLE `expenses`
  ADD PRIMARY KEY (`id`);

--
-- Indexes for table `production`
--
ALTER TABLE `production`
  ADD PRIMARY KEY (`id`);

--
-- Indexes for table `users`
--
ALTER TABLE `users`
  ADD PRIMARY KEY (`id`);

--
-- AUTO_INCREMENT for dumped tables
--

--
-- AUTO_INCREMENT for table `category`
--
ALTER TABLE `category`
  MODIFY `id` int(11) NOT NULL AUTO_INCREMENT, AUTO_INCREMENT=38;
--
-- AUTO_INCREMENT for table `check_expenses`
--
ALTER TABLE `check_expenses`
  MODIFY `id` int(11) NOT NULL AUTO_INCREMENT, AUTO_INCREMENT=12;
--
-- AUTO_INCREMENT for table `collection`
--
ALTER TABLE `collection`
  MODIFY `id` int(11) NOT NULL AUTO_INCREMENT, AUTO_INCREMENT=26;
--
-- AUTO_INCREMENT for table `customer`
--
ALTER TABLE `customer`
  MODIFY `id` int(11) UNSIGNED ZEROFILL NOT NULL AUTO_INCREMENT, AUTO_INCREMENT=79;
--
-- AUTO_INCREMENT for table `dr`
--
ALTER TABLE `dr`
  MODIFY `id` int(11) NOT NULL AUTO_INCREMENT, AUTO_INCREMENT=67;
--
-- AUTO_INCREMENT for table `expenses`
--
ALTER TABLE `expenses`
  MODIFY `id` int(11) NOT NULL AUTO_INCREMENT, AUTO_INCREMENT=129;
--
-- AUTO_INCREMENT for table `production`
--
ALTER TABLE `production`
  MODIFY `id` int(11) NOT NULL AUTO_INCREMENT, AUTO_INCREMENT=4;
--
-- AUTO_INCREMENT for table `users`
--
ALTER TABLE `users`
  MODIFY `id` int(11) NOT NULL AUTO_INCREMENT, AUTO_INCREMENT=7;
/*!40101 SET CHARACTER_SET_CLIENT=@OLD_CHARACTER_SET_CLIENT */;
/*!40101 SET CHARACTER_SET_RESULTS=@OLD_CHARACTER_SET_RESULTS */;
/*!40101 SET COLLATION_CONNECTION=@OLD_COLLATION_CONNECTION */;
